{"loss": [3.077784299850464, 1.66713547706604, 0.9376674294471741, 0.6089527010917664, 0.4577943682670593, 0.37222445011138916, 0.32520732283592224, 0.30057990550994873, 0.2811312675476074, 0.2798999547958374, 0.2713773548603058, 0.2713877558708191, 0.2622024714946747, 0.2695007920265198, 0.2553713619709015, 0.25579994916915894, 0.2525109648704529, 0.2571936845779419, 0.25419488549232483, 0.2477472871541977, 0.2481103241443634, 0.24999597668647766, 0.2445492148399353, 0.24468891322612762, 0.23684020340442657, 0.2413095086812973, 0.24333742260932922, 0.24431250989437103, 0.2355991154909134, 0.24630849063396454, 0.23928424715995789, 0.2403082549571991, 0.24009819328784943, 0.2372117042541504, 0.23092004656791687, 0.233560711145401, 0.22748516499996185, 0.23060543835163116, 0.22441354393959045, 0.2377041131258011, 0.23254239559173584, 0.22575366497039795, 0.22574736177921295, 0.22805866599082947, 0.22532732784748077, 0.2266538143157959, 0.22025492787361145, 0.2197168916463852, 0.22559013962745667, 0.22102157771587372, 0.21992871165275574, 0.2200983166694641, 0.2128654420375824, 0.21906720101833344, 0.22948382794857025, 0.21956834197044373, 0.2191193401813507, 0.2207544893026352, 0.21681523323059082, 0.22381021082401276, 0.21922478079795837, 0.22186025977134705, 0.21385705471038818, 0.2131558358669281, 0.21471601724624634], "val_loss": [2.148439884185791, 1.2431235313415527, 0.7863341569900513, 0.5924980044364929, 0.44384944438934326, 0.45239824056625366, 0.33827805519104004, 0.3584703207015991, 0.30641257762908936, 0.3483799993991852, 0.3202357292175293, 0.3053162693977356, 0.321440190076828, 0.31336715817451477, 0.30184653401374817, 0.28268930315971375, 0.3474508225917816, 0.3170557916164398, 0.3092696964740753, 0.2981696128845215, 0.3976546823978424, 0.32900670170783997, 0.30417561531066895, 0.28354325890541077, 0.33064067363739014, 0.3338339328765869, 0.3358089029788971, 0.28479325771331787, 0.3300950825214386, 0.2794683277606964, 0.28915858268737793, 0.2789056897163391, 0.317620187997818, 0.30654338002204895, 0.2891825735569, 0.2903549075126648, 0.3064894378185272, 0.2817733585834503, 0.29671603441238403, 0.2936036288738251, 0.290772020816803, 0.2925143837928772, 0.312086284160614, 0.267787367105484, 0.24933011829853058, 0.28547540307044983, 0.27858948707580566, 0.3322131931781769, 0.2621050775051117, 0.2836579382419586, 0.2781565189361572, 0.3048092722892761, 0.33076873421669006, 0.27498990297317505, 0.32268449664115906, 0.2775750756263733, 0.2978786826133728, 0.2726533114910126, 0.2765157222747803, 0.2989731729030609, 0.2579340636730194, 0.2699902057647705, 0.30034253001213074, 0.3194928467273712, 0.3182716965675354]}