{"loss": [3.0269949436187744, 1.5056898593902588, 0.8399756550788879, 0.5441287159919739, 0.414771169424057, 0.34006109833717346, 0.31544074416160583, 0.29636114835739136, 0.2830864489078522, 0.26769381761550903, 0.2708113193511963, 0.25701698660850525, 0.25743064284324646, 0.254753440618515, 0.25765150785446167, 0.2541804313659668, 0.2506498694419861, 0.24778631329536438, 0.2430969625711441, 0.24501840770244598, 0.24113759398460388, 0.23876602947711945, 0.24203091859817505, 0.24081093072891235, 0.23626495897769928, 0.234239399433136, 0.23200491070747375, 0.23251667618751526, 0.22723422944545746, 0.2306920439004898, 0.22623896598815918, 0.2194821685552597, 0.2215106338262558, 0.22297163307666779, 0.2153756022453308, 0.21320782601833344, 0.2182801067829132, 0.21406960487365723, 0.21031944453716278, 0.21110451221466064, 0.21534262597560883, 0.21103547513484955, 0.20799626410007477, 0.20900869369506836, 0.20969972014427185, 0.20961658656597137, 0.20653623342514038, 0.20242899656295776, 0.20920635759830475, 0.20358267426490784, 0.19997362792491913, 0.20274361968040466, 0.2000962793827057, 0.20553041994571686, 0.19786834716796875, 0.20043252408504486, 0.198683962225914, 0.20474110543727875, 0.2029595822095871, 0.1931965947151184, 0.1924068033695221, 0.18995298445224762, 0.1964804232120514, 0.1999998390674591, 0.19315460324287415], "val_loss": [2.1201534271240234, 1.0908228158950806, 0.6794692873954773, 0.4888123571872711, 0.4935884177684784, 0.36575040221214294, 0.3281785547733307, 0.3611462712287903, 0.3068309724330902, 0.2759619355201721, 0.3206223249435425, 0.3025982677936554, 0.31893783807754517, 0.29257529973983765, 0.30862340331077576, 0.29714062809944153, 0.3030211627483368, 0.28486916422843933, 0.2960207462310791, 0.3159155547618866, 0.29026705026626587, 0.3584323227405548, 0.28044605255126953, 0.3173752725124359, 0.2981157898902893, 0.28672003746032715, 0.3302935063838959, 0.2887735366821289, 0.2713218927383423, 0.3279341757297516, 0.3237857222557068, 0.32150667905807495, 0.3324858248233795, 0.3217993974685669, 0.324988454580307, 0.2718205153942108, 0.3094339966773987, 0.28230080008506775, 0.28173479437828064, 0.3375781774520874, 0.30548614263534546, 0.2839987576007843, 0.3208346366882324, 0.30537092685699463, 0.26631179451942444, 0.29973307251930237, 0.2747094929218292, 0.2784520387649536, 0.3228185772895813, 0.2923429608345032, 0.2880275547504425, 0.2739126682281494, 0.29001864790916443, 0.2837957441806793, 0.35915425419807434, 0.3534226417541504, 0.30314531922340393, 0.2951696515083313, 0.31280821561813354, 0.2825857400894165, 0.2915794551372528, 0.3060162663459778, 0.3112584054470062, 0.28770720958709717, 0.31404101848602295]}