{"loss": [3.116264820098877, 1.7671619653701782, 1.1035022735595703, 0.7523400187492371, 0.548453152179718, 0.4213884174823761, 0.3550809919834137, 0.31234824657440186, 0.2907044589519501, 0.26791858673095703, 0.25725921988487244, 0.23772169649600983, 0.2377280592918396, 0.2293628454208374, 0.21616089344024658, 0.21934771537780762, 0.21675890684127808, 0.21231277287006378, 0.21071505546569824, 0.20269638299942017, 0.21353325247764587, 0.20624366402626038, 0.20444805920124054, 0.20217649638652802, 0.19990257918834686, 0.2079354077577591, 0.20131786167621613, 0.19917558133602142, 0.20001737773418427, 0.19708241522312164, 0.20051880180835724, 0.19638097286224365, 0.19219505786895752, 0.18753449618816376, 0.18709984421730042, 0.19048206508159637, 0.18582811951637268, 0.18127001821994781], "val_loss": [2.2635304927825928, 1.322984218597412, 0.9607951641082764, 0.6343652606010437, 0.47322189807891846, 0.4173203408718109, 0.38778841495513916, 0.35334575176239014, 0.3536442220211029, 0.3223157823085785, 0.27772191166877747, 0.2908704876899719, 0.26761239767074585, 0.27203357219696045, 0.29124483466148376, 0.2808954119682312, 0.3209424316883087, 0.25188320875167847, 0.2587740123271942, 0.27965620160102844, 0.35781151056289673, 0.2750495970249176, 0.3133300840854645, 0.31527453660964966, 0.3240649700164795, 0.30993860960006714, 0.27892857789993286, 0.2581591308116913, 0.2869579493999481, 0.30766257643699646, 0.2773403525352478, 0.3181551396846771, 0.275814950466156, 0.309715211391449, 0.2649238705635071, 0.290479451417923, 0.2808447480201721, 0.2660171091556549]}